Experiment ID,Grid,Experiment Start,Experiment End
001,AA,2025-10-01,2025-11-05
001,AB,2025-10-01,2025-11-05
001,AC,2025-10-01,2025-11-05
002,AA,2025-11-05,2025-11-19
002,AD,2025-11-05,2025-11-19
003,AA,2025-11-19,2025-11-30
003,AE,2025-11-19,2025-11-30
004,AA,2025-11-30,2025-12-21
004,AE,2025-11-30,2025-12-21
004,AF,2025-11-30,2025-12-21
004,AG,2025-11-30,2025-12-21
005,AG,2025-12-21,2026-01-03
005,AH,2025-12-21,2026-01-03
005,AI,2025-12-21,2026-01-03
006,AH,2026-01-03,2026-01-31
006,AA,2026-01-03,2026-01-31
007,AA,2026-01-31,9999-12-31
